id;project_id;day_person_id
eeeeeee1-eeee-4eee-8eee-eeeeeeeeeee1;aaaaaaa1-aaaa-4aaa-8aaa-aaaaaaaaaaa1;ddddddd1-dddd-4ddd-8ddd-ddddddddddd1
eeeeeee2-eeee-4eee-8eee-eeeeeeeeeee2;aaaaaaa2-aaaa-4aaa-8aaa-aaaaaaaaaaa2;ddddddd2-dddd-4ddd-8ddd-ddddddddddd2
eeeeeee3-eeee-4eee-8eee-eeeeeeeeeee3;aaaaaaa3-aaaa-4aaa-8aaa-aaaaaaaaaaa3;ddddddd3-dddd-4ddd-8ddd-ddddddddddd3
eeeeeee4-eeee-4eee-8eee-eeeeeeeeeee4;aaaaaaa1-aaaa-4aaa-8aaa-aaaaaaaaaaa1;ddddddd4-dddd-4ddd-8ddd-ddddddddddd4
eeeeeee5-eeee-4eee-8eee-eeeeeeeeeee5;aaaaaaa1-aaaa-4aaa-8aaa-aaaaaaaaaaa1;ddddddd5-dddd-4ddd-8ddd-ddddddddddd5
eeeeeee6-eeee-4eee-8eee-eeeeeeeeeee6;aaaaaaa2-aaaa-4aaa-8aaa-aaaaaaaaaaa2;ddddddd6-dddd-4ddd-8ddd-ddddddddddd6
eeeeeee7-eeee-4eee-8eee-eeeeeeeeeee7;aaaaaaa3-aaaa-4aaa-8aaa-aaaaaaaaaaa3;ddddddd7-dddd-4ddd-8ddd-ddddddddddd7
eeeeeee8-eeee-4eee-8eee-eeeeeeeeeee8;aaaaaaa4-aaaa-4aaa-8aaa-aaaaaaaaaaa4;ddddddd8-dddd-4ddd-8ddd-ddddddddddd8
eeeeeee9-eeee-4eee-8eee-eeeeeeeeeee9;aaaaaaa2-aaaa-4aaa-8aaa-aaaaaaaaaaa2;ddddddd1-dddd-4ddd-8ddd-ddddddddddd1
